[{
    "pk": 1,
    "model": "demo.engine",
    "fields": {
        "version": "1.7",
        "css_grade": "A",
        "name": "Gecko"
    }
}, {
    "pk": 2,
    "model": "demo.engine",
    "fields": {
        "version": "1.8",
        "css_grade": "A",
        "name": "Gecko"
    }
}, {
    "pk": 3,
    "model": "demo.engine",
    "fields": {
        "version": "1.9",
        "css_grade": "A",
        "name": "Gecko"
    }
}, {
    "pk": 4,
    "model": "demo.engine",
    "fields": {
        "version": "1",
        "css_grade": "A",
        "name": "Gecko"
    }
}, {
    "pk": 5,
    "model": "demo.engine",
    "fields": {
        "version": "1.1",
        "css_grade": "A",
        "name": "Gecko"
    }
}, {
    "pk": 6,
    "model": "demo.engine",
    "fields": {
        "version": "1.2",
        "css_grade": "A",
        "name": "Gecko"
    }
}, {
    "pk": 7,
    "model": "demo.engine",
    "fields": {
        "version": "1.3",
        "css_grade": "A",
        "name": "Gecko"
    }
}, {
    "pk": 8,
    "model": "demo.engine",
    "fields": {
        "version": "1.4",
        "css_grade": "A",
        "name": "Gecko"
    }
}, {
    "pk": 9,
    "model": "demo.engine",
    "fields": {
        "version": "1.5",
        "css_grade": "A",
        "name": "Gecko"
    }
}, {
    "pk": 10,
    "model": "demo.engine",
    "fields": {
        "version": "1.6",
        "css_grade": "A",
        "name": "Gecko"
    }
}, {
    "pk": 11,
    "model": "demo.engine",
    "fields": {
        "version": "3.1",
        "css_grade": "C",
        "name": "KHTML"
    }
}, {
    "pk": 12,
    "model": "demo.engine",
    "fields": {
        "version": "3.3",
        "css_grade": "A",
        "name": "KHTML"
    }
}, {
    "pk": 13,
    "model": "demo.engine",
    "fields": {
        "version": "3.5",
        "css_grade": "A",
        "name": "KHTML"
    }
}, {
    "pk": 14,
    "model": "demo.engine",
    "fields": {
        "version": "",
        "css_grade": "A",
        "name": "Misc"
    }
}, {
    "pk": 15,
    "model": "demo.engine",
    "fields": {
        "version": "",
        "css_grade": "X",
        "name": "Misc"
    }
}, {
    "pk": 16,
    "model": "demo.engine",
    "fields": {
        "version": "",
        "css_grade": "C",
        "name": "Misc"
    }
}, {
    "pk": 17,
    "model": "demo.engine",
    "fields": {
        "version": "",
        "css_grade": "A",
        "name": "Presto"
    }
}, {
    "pk": 18,
    "model": "demo.engine",
    "fields": {
        "version": "8.5",
        "css_grade": "C/A",
        "name": "Presto"
    }
}, {
    "pk": 19,
    "model": "demo.engine",
    "fields": {
        "version": "",
        "css_grade": "X",
        "name": "Tasman"
    }
}, {
    "pk": 20,
    "model": "demo.engine",
    "fields": {
        "version": "1",
        "css_grade": "C",
        "name": "Tasman"
    }
}, {
    "pk": 21,
    "model": "demo.engine",
    "fields": {
        "version": "4",
        "css_grade": "X",
        "name": "Trident"
    }
}, {
    "pk": 22,
    "model": "demo.engine",
    "fields": {
        "version": "5",
        "css_grade": "C",
        "name": "Trident"
    }
}, {
    "pk": 23,
    "model": "demo.engine",
    "fields": {
        "version": "5.5",
        "css_grade": "A",
        "name": "Trident"
    }
}, {
    "pk": 24,
    "model": "demo.engine",
    "fields": {
        "version": "6",
        "css_grade": "A",
        "name": "Trident"
    }
}, {
    "pk": 25,
    "model": "demo.engine",
    "fields": {
        "version": "7",
        "css_grade": "A",
        "name": "Trident"
    }
}, {
    "pk": 26,
    "model": "demo.engine",
    "fields": {
        "version": "125.5",
        "css_grade": "A",
        "name": "Webkit"
    }
}, {
    "pk": 27,
    "model": "demo.engine",
    "fields": {
        "version": "312.8",
        "css_grade": "A",
        "name": "Webkit"
    }
}, {
    "pk": 28,
    "model": "demo.engine",
    "fields": {
        "version": "419.3",
        "css_grade": "A",
        "name": "Webkit"
    }
}, {
    "pk": 29,
    "model": "demo.engine",
    "fields": {
        "version": "522.1",
        "css_grade": "A",
        "name": "Webkit"
    }
}, {
    "pk": 30,
    "model": "demo.engine",
    "fields": {
        "version": "525",
        "css_grade": "A",
        "name": "Webkit"
    }
}, {
    "pk": 31,
    "model": "demo.engine",
    "fields": {
        "version": "420",
        "css_grade": "A",
        "name": "Webkit"
    }
}, {
    "pk": 32,
    "model": "demo.engine",
    "fields": {
        "version": "420.1",
        "css_grade": "A",
        "name": "Webkit"
    }
}, {
    "pk": 33,
    "model": "demo.engine",
    "fields": {
        "version": "413",
        "css_grade": "A",
        "name": "Webkit"
    }
}, {
    "pk": 34,
    "model": "demo.engine",
    "fields": {
        "version": "",
        "css_grade": "U",
        "name": "Others"
    }
}, {
    "pk": 1,
    "model": "demo.browser",
    "fields": {
        "engine": 1,
        "platform": "Win 98+ / OSX.2+",
        "version": "1.0",
        "name": "Firefox"
    }
}, {
    "pk": 2,
    "model": "demo.browser",
    "fields": {
        "engine": 2,
        "platform": "Win 98+ / OSX.2+",
        "version": "1.5",
        "name": "Firefox"
    }
}, {
    "pk": 3,
    "model": "demo.browser",
    "fields": {
        "engine": 2,
        "platform": "Win 98+ / OSX.2+",
        "version": "2.0",
        "name": "Firefox"
    }
}, {
    "pk": 4,
    "model": "demo.browser",
    "fields": {
        "engine": 3,
        "platform": "Win 2k+ / OSX.3+",
        "version": "3.0",
        "name": "Firefox"
    }
}, {
    "pk": 5,
    "model": "demo.browser",
    "fields": {
        "engine": 2,
        "platform": "OSX.2+",
        "version": "1.0",
        "name": "Camino"
    }
}, {
    "pk": 6,
    "model": "demo.browser",
    "fields": {
        "engine": 2,
        "platform": "OSX.3+",
        "version": "1.5",
        "name": "Camino"
    }
}, {
    "pk": 7,
    "model": "demo.browser",
    "fields": {
        "engine": 1,
        "platform": "Win 95+ / Mac OS 8.6-9.2",
        "version": "7.2",
        "name": "Netscape"
    }
}, {
    "pk": 8,
    "model": "demo.browser",
    "fields": {
        "engine": 1,
        "platform": "Win 98SE+",
        "version": "8",
        "name": "Netscape Browser"
    }
}, {
    "pk": 9,
    "model": "demo.browser",
    "fields": {
        "engine": 2,
        "platform": "Win 98+ / OSX.2+",
        "version": "9",
        "name": "Netscape Navigator"
    }
}, {
    "pk": 10,
    "model": "demo.browser",
    "fields": {
        "engine": 4,
        "platform": "Win 95+ / OSX.1+",
        "version": "1.0",
        "name": "Mozilla"
    }
}, {
    "pk": 11,
    "model": "demo.browser",
    "fields": {
        "engine": 5,
        "platform": "Win 95+ / OSX.1+",
        "version": "1.1",
        "name": "Mozilla"
    }
}, {
    "pk": 12,
    "model": "demo.browser",
    "fields": {
        "engine": 6,
        "platform": "Win 95+ / OSX.1+",
        "version": "1.2",
        "name": "Mozilla"
    }
}, {
    "pk": 13,
    "model": "demo.browser",
    "fields": {
        "engine": 7,
        "platform": "Win 95+ / OSX.1+",
        "version": "1.3",
        "name": "Mozilla"
    }
}, {
    "pk": 14,
    "model": "demo.browser",
    "fields": {
        "engine": 8,
        "platform": "Win 95+ / OSX.1+",
        "version": "1.4",
        "name": "Mozilla"
    }
}, {
    "pk": 15,
    "model": "demo.browser",
    "fields": {
        "engine": 9,
        "platform": "Win 95+ / OSX.1+",
        "version": "1.5",
        "name": "Mozilla"
    }
}, {
    "pk": 16,
    "model": "demo.browser",
    "fields": {
        "engine": 10,
        "platform": "Win 95+ / OSX.1+",
        "version": "1.6",
        "name": "Mozilla"
    }
}, {
    "pk": 17,
    "model": "demo.browser",
    "fields": {
        "engine": 1,
        "platform": "Win 98+ / OSX.1+",
        "version": "1.7",
        "name": "Mozilla"
    }
}, {
    "pk": 18,
    "model": "demo.browser",
    "fields": {
        "engine": 2,
        "platform": "Win 98+ / OSX.1+",
        "version": "1.8",
        "name": "Mozilla"
    }
}, {
    "pk": 19,
    "model": "demo.browser",
    "fields": {
        "engine": 2,
        "platform": "Win 98+ / OSX.2+",
        "version": "1.1",
        "name": "Seamonky"
    }
}, {
    "pk": 20,
    "model": "demo.browser",
    "fields": {
        "engine": 2,
        "platform": "Gnome",
        "version": "2.20",
        "name": "Epiphany"
    }
}, {
    "pk": 21,
    "model": "demo.browser",
    "fields": {
        "engine": 11,
        "platform": "KDE 3.1",
        "version": "3.1",
        "name": "Konqueror"
    }
}, {
    "pk": 22,
    "model": "demo.browser",
    "fields": {
        "engine": 12,
        "platform": "KDE 3.3",
        "version": "3.3",
        "name": "Konqueror"
    }
}, {
    "pk": 23,
    "model": "demo.browser",
    "fields": {
        "engine": 13,
        "platform": "KDE 3.5",
        "version": "3.5",
        "name": "Konqueror"
    }
}, {
    "pk": 24,
    "model": "demo.browser",
    "fields": {
        "engine": 16,
        "platform": "Embedded devices",
        "version": "3.1",
        "name": "NetFront"
    }
}, {
    "pk": 25,
    "model": "demo.browser",
    "fields": {
        "engine": 14,
        "platform": "Embedded devices",
        "version": "3.4",
        "name": "NetFront"
    }
}, {
    "pk": 26,
    "model": "demo.browser",
    "fields": {
        "engine": 15,
        "platform": "Embedded devices",
        "version": "0.8",
        "name": "Dillo"
    }
}, {
    "pk": 27,
    "model": "demo.browser",
    "fields": {
        "engine": 15,
        "platform": "Text only",
        "version": "",
        "name": "Links"
    }
}, {
    "pk": 28,
    "model": "demo.browser",
    "fields": {
        "engine": 15,
        "platform": "Text only",
        "version": "",
        "name": "Linx"
    }
}, {
    "pk": 29,
    "model": "demo.browser",
    "fields": {
        "engine": 16,
        "platform": "Windows Mobile 6",
        "version": "",
        "name": "IE Mobile"
    }
}, {
    "pk": 30,
    "model": "demo.browser",
    "fields": {
        "engine": 16,
        "platform": "PSP",
        "version": "",
        "name": "PSP browser"
    }
}, {
    "pk": 31,
    "model": "demo.browser",
    "fields": {
        "engine": 34,
        "platform": "-",
        "version": "",
        "name": "All Others"
    }
}, {
    "pk": 32,
    "model": "demo.browser",
    "fields": {
        "engine": 17,
        "platform": "Win 95+ / OSX.1+",
        "version": "7",
        "name": "Opera"
    }
}, {
    "pk": 33,
    "model": "demo.browser",
    "fields": {
        "engine": 17,
        "platform": "Win 95+ / OSX.2+",
        "version": "7.5",
        "name": "Opera"
    }
}, {
    "pk": 34,
    "model": "demo.browser",
    "fields": {
        "engine": 17,
        "platform": "Win 95+ / OSX.2+",
        "version": "8.0",
        "name": "Opera"
    }
}, {
    "pk": 35,
    "model": "demo.browser",
    "fields": {
        "engine": 17,
        "platform": "Win 95+ / OSX.2+",
        "version": "8.5",
        "name": "Opera"
    }
}, {
    "pk": 36,
    "model": "demo.browser",
    "fields": {
        "engine": 17,
        "platform": "Win 95+ / OSX.3+",
        "version": "9.0",
        "name": "Opera"
    }
}, {
    "pk": 37,
    "model": "demo.browser",
    "fields": {
        "engine": 17,
        "platform": "Win 98+ / OSX.3+",
        "version": "9.2",
        "name": "Opera"
    }
}, {
    "pk": 38,
    "model": "demo.browser",
    "fields": {
        "engine": 17,
        "platform": "Win 98+ / OSX.3+",
        "version": "9.5",
        "name": "Opera"
    }
}, {
    "pk": 39,
    "model": "demo.browser",
    "fields": {
        "engine": 17,
        "platform": "Wii",
        "version": "",
        "name": "Opera for Wii"
    }
}, {
    "pk": 40,
    "model": "demo.browser",
    "fields": {
        "engine": 17,
        "platform": "Nokia",
        "version": "",
        "name": "Nokia N800"
    }
}, {
    "pk": 41,
    "model": "demo.browser",
    "fields": {
        "engine": 18,
        "platform": "Nintendo DS",
        "version": "",
        "name": "Nintendo DS browser"
    }
}, {
    "pk": 42,
    "model": "demo.browser",
    "fields": {
        "engine": 19,
        "platform": "Mac OS 8-9",
        "version": "4.5",
        "name": "Internet Explorer"
    }
}, {
    "pk": 43,
    "model": "demo.browser",
    "fields": {
        "engine": 20,
        "platform": "Mac OS 7.6-9",
        "version": "5.1",
        "name": "Internet Explorer"
    }
}, {
    "pk": 44,
    "model": "demo.browser",
    "fields": {
        "engine": 20,
        "platform": "Mac OS 8-X",
        "version": "5.2",
        "name": "Internet Explorer"
    }
}, {
    "pk": 45,
    "model": "demo.browser",
    "fields": {
        "engine": 21,
        "platform": "Win 95+",
        "version": "4.0",
        "name": "Internet Explorer"
    }
}, {
    "pk": 46,
    "model": "demo.browser",
    "fields": {
        "engine": 22,
        "platform": "Win 95+",
        "version": "5.0",
        "name": "Internet Explorer"
    }
}, {
    "pk": 47,
    "model": "demo.browser",
    "fields": {
        "engine": 23,
        "platform": "Win 95+",
        "version": "5.5",
        "name": "Internet Explorer"
    }
}, {
    "pk": 48,
    "model": "demo.browser",
    "fields": {
        "engine": 24,
        "platform": "Win 98+",
        "version": "6.0",
        "name": "Internet Explorer"
    }
}, {
    "pk": 49,
    "model": "demo.browser",
    "fields": {
        "engine": 25,
        "platform": "Win XP SP2+",
        "version": "7.0",
        "name": "Internet Explorer"
    }
}, {
    "pk": 50,
    "model": "demo.browser",
    "fields": {
        "engine": 24,
        "platform": "Win XP",
        "version": "",
        "name": "AOL browser (AOL desktop)"
    }
}, {
    "pk": 51,
    "model": "demo.browser",
    "fields": {
        "engine": 26,
        "platform": "OSX.3",
        "version": "1.2",
        "name": "Safari"
    }
}, {
    "pk": 52,
    "model": "demo.browser",
    "fields": {
        "engine": 27,
        "platform": "OSX.3",
        "version": "1.3",
        "name": "Safari"
    }
}, {
    "pk": 53,
    "model": "demo.browser",
    "fields": {
        "engine": 28,
        "platform": "OSX.4+",
        "version": "2.0",
        "name": "Safari"
    }
}, {
    "pk": 54,
    "model": "demo.browser",
    "fields": {
        "engine": 29,
        "platform": "OSX.4+",
        "version": "3.0",
        "name": "Safari"
    }
}, {
    "pk": 55,
    "model": "demo.browser",
    "fields": {
        "engine": 30,
        "platform": "Win XP+",
        "version": "1.0",
        "name": "Google Chrome"
    }
}, {
    "pk": 56,
    "model": "demo.browser",
    "fields": {
        "engine": 31,
        "platform": "OSX.4+",
        "version": "5.5",
        "name": "OmniWeb"
    }
}, {
    "pk": 57,
    "model": "demo.browser",
    "fields": {
        "engine": 32,
        "platform": "iPod",
        "version": "",
        "name": "iPod Touch / iPhone"
    }
}, {
    "pk": 58,
    "model": "demo.browser",
    "fields": {
        "engine": 33,
        "platform": "S60",
        "version": "",
        "name": "S60"
    }
}]
