[
    { "model": "datatableview.Blog", "pk": 1, "fields": {
        "name": "First Blog",
        "tagline": "First and finest"
    }},
    { "model": "datatableview.Blog", "pk": 2, "fields": {
        "name": "Second Blog",
        "tagline": "Last but not least"
    }},

    { "model": "datatableview.Author", "pk": 1, "fields": {
        "name": "Tim Valenta",
        "email": "tvalenta@pivotalenergysolutions.com"
    }},

    { "model": "datatableview.Author", "pk": 2, "fields": {
        "name": "The Cow",
        "email": "moo@aol.com"
    }},

    { "model": "datatableview.Entry", "pk": 1, "fields": {
        "blog": 1,
        "headline": "Hello World",
        "body_text": "Lorem ipsum dolor sit amet, consectetur adipisicing elit, sed do eiusmod tempor incididunt ut labore et dolore magna aliqua. Ut enim ad minim veniam, quis nostrud exercitation ullamco laboris nisi ut aliquip ex ea commodo consequat. Duis aute irure dolor in reprehenderit in voluptate velit esse cillum dolore eu fugiat nulla pariatur. Excepteur sint occaecat cupidatat non proident, sunt in culpa qui officia deserunt mollit anim id est laborum.",
        "pub_date": "2013-01-01",
        "mod_date": "2013-01-02",
        "n_comments": 2,
        "n_pingbacks": 0,
        "rating": 0,
        "authors": [1],
        "status": 1,
        "is_published": true
    }},
    { "model": "datatableview.Entry", "pk": 2, "fields": {
        "blog": 1,
        "headline": "Headline",
        "body_text": "",
        "pub_date": "2013-02-01",
        "mod_date": "2013-02-02",
        "n_comments": 0,
        "n_pingbacks": 5,
        "rating": 0,
        "authors": [2],
        "status": 1,
        "is_published": true
    }},
    { "model": "datatableview.Entry", "pk": 3, "fields": {
        "blog": 1,
        "headline": "Third Headline",
        "body_text": "",
        "pub_date": "2013-01-01",
        "mod_date": "2013-01-02",
        "n_comments": 0,
        "n_pingbacks": 0,
        "rating": 0,
        "authors": [1, 2],
        "status": 1,
        "is_published": true
    }},
    { "model": "datatableview.Entry", "pk": 4, "fields": {
        "blog": 1,
        "headline": "Fourth Headline",
        "body_text": "",
        "pub_date": "2013-01-01",
        "mod_date": "2013-01-02",
        "n_comments": 273,
        "n_pingbacks": 1017,
        "rating": 0,
        "authors": [1, 2],
        "status": 0,
        "is_published": false
    }},
    { "model": "datatableview.Entry", "pk": 5, "fields": {
        "blog": 1,
        "headline": "Fifth Headline",
        "body_text": "",
        "pub_date": "2013-01-01",
        "mod_date": "2013-01-02",
        "n_comments": 0,
        "n_pingbacks": 0,
        "rating": 0,
        "authors": [1, 2],
        "status": 0,
        "is_published": false
    }},
    { "model": "datatableview.Entry", "pk": 6, "fields": {
        "blog": 2,
        "headline": "Sixth Headline",
        "body_text": "",
        "pub_date": "2013-01-01",
        "mod_date": "2013-01-02",
        "n_comments": 0,
        "n_pingbacks": 0,
        "rating": 0,
        "authors": [1, 2],
        "status": 1,
        "is_published": true
    }}
]
